{"field_coherence_mean": 0.055265674438943875, "field_coherence_std": 0.0031152557118416372}