test,p,stat,selected_lag
CCI->Rc,0.2578699985399533,1.3255687744491742,4
Rc->CCI,0.695635724244646,0.5546512651384639,4
