metric,value
RR,0.1
DET,0.863885
LAM,0.8989975
Lmax,2000
ENTR,2.3589020860162058
TT,7.921729744019033
