run_id,epsilon,profile,coord_base,wage,agents,epochs_cap,num_shocks,shock_intensity,memory_persistence,avg_final_CCI,avg_final_hazard,final_training_frac,final_cultural_memory,total_memory_boosts,learning_lock_in,reversion_event_count,belief_reversion_rate,avg_resilience_score,policy_effectiveness,cultural_half_life,time_sec
SYN_E02_S,0.002,SINGLE,0.6,0.35,80,2000,9,0.3,0.92,0.9115966194031893,0.2816619307606153,0.8429999999999999,337.66210171802913,17,True,129,0.7865853658536586,1.9303981001643593,0.06453020175146659,605,4.696536064147949
SYN_E02_F,0.002,FAMILY,0.6,0.35,80,2000,9,0.3,0.95,0.9115966194031893,0.2816619307606153,0.8471249999999999,337.4751806147655,17,True,129,0.7914110429447853,1.9303981001643593,0.06453020175146659,605,4.768610954284668
SYN_E05_S,0.005,SINGLE,0.6,0.35,80,2000,9,0.3,0.92,0.9217129908468636,0.24877003239562473,0.854375,525.5385960339119,23,True,163,0.7086956521739131,2.1462660356558603,0.057616443298716596,304,4.913413047790527
SYN_E05_F,0.005,FAMILY,0.6,0.35,80,2000,9,0.3,0.95,0.9217129908468636,0.24877003239562473,0.8576249999999999,525.5625910510875,23,True,163,0.6995708154506438,2.1462660356558603,0.057616443298716596,304,4.799685955047607
SYN_E10_S,0.01,SINGLE,0.6,0.35,80,2000,9,0.3,0.92,0.9362359807720391,0.2021377795820711,0.8619999999999999,850.3303348505736,29,True,232,0.7656765676567657,2.465940891469022,0.0453538793228574,103,4.981233835220337
SYN_E10_F,0.01,FAMILY,0.6,0.35,80,2000,9,0.3,0.95,0.9362359807720391,0.2021377795820711,0.8661249999999998,850.4887416501512,29,True,232,0.7581699346405228,2.465940891469022,0.045350795562619416,103,5.0005621910095215
