{
  "run_stamp": "20251003_200059",
  "creation_results": {
    "N": 120,
    "success_rate": 0.025,
    "n_successful": 3,
    "child_mean_cci": 0.5647108771189144,
    "child_mean_survival": 0.526037408889827,
    "child_mean_collapse": 0.29554343926813403,
    "parent_energy_after": 0.6854018824283986,
    "parent_fairness_after": 0.5723215059427188,
    "avg_back_reaction": 0.06919623514320304
  },
  "travel_results": [
    {
      "mechanism": "IO",
      "success": 0.7997484692211034,
      "energy_cost": 0.03842523954629046,
      "causality_risk": 0.02,
      "composite": 0.4672427716460894
    },
    {
      "mechanism": "DW",
      "success": 0.3716763847506158,
      "energy_cost": 0.23530192107688389,
      "causality_risk": 0.15295288161532583,
      "composite": 0.14123741833884965
    },
    {
      "mechanism": "FVB",
      "success": 0.12890185361755876,
      "energy_cost": 0.3942353848137198,
      "causality_risk": 0.1895528991969322,
      "composite": 0.0
    },
    {
      "mechanism": "WH",
      "success": 0.1927008418791847,
      "energy_cost": 0.1449578067856622,
      "causality_risk": 0.9534078343200056,
      "composite": 0.0
    }
  ],
  "runtime_minutes": 0.008030585447947184
}