{
  "run_stamp": "20251003_184825",
  "config": {
    "epochs": 8,
    "pop": 36,
    "shocks": [
      0.2,
      0.5,
      0.8
    ],
    "regimes": {
      "EXPANSION": {
        "d_coord": 0.015,
        "d_coupling": 0.01,
        "d_space": 0.02,
        "d_noise": -0.004
      },
      "STAGNATION": {
        "d_coord": 0.0,
        "d_coupling": 0.0,
        "d_space": 0.0,
        "d_noise": 0.0
      },
      "CONTRACTION": {
        "d_coord": -0.015,
        "d_coupling": -0.01,
        "d_space": -0.02,
        "d_noise": 0.004
      }
    }
  },
  "summary": {
    "EXPANSION": {
      "run_stamp": "20251003_184825",
      "regime": "EXPANSION",
      "means": {
        "survival": 0.561,
        "cci": 0.704,
        "collapse": 0.232
      },
      "final_state": {
        "coord": 0.7050000000000001,
        "coupling": 0.7500000000000001,
        "noise": 0.03199999999999997,
        "space": 0.3400000000000001
      }
    },
    "STAGNATION": {
      "run_stamp": "20251003_184825",
      "regime": "STAGNATION",
      "means": {
        "survival": 0.546,
        "cci": 0.679,
        "collapse": 0.238
      },
      "final_state": {
        "coord": 0.6,
        "coupling": 0.68,
        "noise": 0.06,
        "space": 0.2
      }
    },
    "CONTRACTION": {
      "run_stamp": "20251003_184825",
      "regime": "CONTRACTION",
      "means": {
        "survival": 0.534,
        "cci": 0.653,
        "collapse": 0.246
      },
      "final_state": {
        "coord": 0.4949999999999999,
        "coupling": 0.61,
        "noise": 0.08800000000000002,
        "space": 0.060000000000000026
      }
    }
  }
}