{
  "run_stamp": "20251003_190338",
  "winner": {
    "combo": "TRIO:ener-coor-ineq",
    "stability_score": 0.7196817224183506,
    "expansion": 0.7672018449844367,
    "survival": 0.5605812584955203,
    "cci": 0.71395796104787,
    "collapse": 0.1630141748544247
  },
  "design": {
    "epochs": 6,
    "pop": 32,
    "shocks": [
      0.2,
      0.5,
      0.8
    ],
    "total_combos": 12
  },
  "notes": "Composite score = mean of (Expansion, Survival, CCI, 1-Collapse)"
}