metric,mean,std,ci95_lo,ci95_hi,runs
ARI_seed,0.9979711946610978,0.00022245182253560015,0.9978333175930397,0.998109071729156,10
TE_CCI_to_Meaning,0.029577654279171924,0.09353275536720905,-0.02839454810800504,0.08754985666634889,10
TE_CCI_to_Coherence,0.030070624995097876,0.0950916656492989,-0.028867799995293958,0.08900904998548971,10
TE_CCI_to_Rc,0.040625120651522975,0.12846791147795622,-0.039000115825462076,0.12025035712850803,10
