{
  "hypothesis_test": {
    "mean_CCI_gain": 0.028223129468423893,
    "mean_hazard_delta": -0.02315150802403823,
    "metrics_met": [
      {
        "name": "mean_CCI_gain",
        "rule": ">= 0.03",
        "value": 0.028223129468423893,
        "passed": false
      },
      {
        "name": "mean_hazard_delta",
        "rule": "<= -0.01",
        "value": -0.02315150802403823,
        "passed": true
      }
    ],
    "all_passed": false
  },
  "descriptive_stats": {
    "CCI": {
      "mean": 0.5644625893684773,
      "std": 0.006576591008704621,
      "min": 0.5509125893684773,
      "max": 0.5783125893684773
    },
    "hazard": {
      "mean": 0.23151508024038214,
      "std": 0.001446218965362663,
      "min": 0.2292650802403821,
      "max": 0.23376508024038212
    },
    "survival": {
      "mean": 0.83532986875,
      "std": 0.0015814570858092125,
      "min": 0.832148,
      "max": 0.8385205
    }
  },
  "parameter_effects": {
    "epsilon": {
      "0.0011": 0.5634625893684774,
      "0.0012": 0.5644625893684773,
      "0.0013": 0.5654625893684774
    },
    "trust_delta": {
      "0.06": 0.5629625893684773,
      "0.07": 0.5659625893684773
    },
    "meaning_delta": {
      "0.06": 0.5604625893684773,
      "0.07": 0.5644625893684773,
      "0.08": 0.5684625893684773
    }
  }
}