{
  "summary": {
    "seed": 11,
    "CCI_mean": 0.9424992499888272,
    "CxCI": 59006.74743629224,
    "epsilon_c": 0.0007647104919218594,
    "eta_context": 0.00015928871474025775,
    "E_cons": 1.0,
    "CxCI_minus_meanCCI": 59005.804937042245
  }
}