seed,CCI_mean,CxCI,epsilon_c,eta_context,E_cons,CxCI_minus_meanCCI
11,0.9424992499888272,59006.74743629224,0.0007647104919218594,0.00015928871474025775,1.0,59005.804937042245
