file,n_runs,mean_score,stdev_score,min_score,max_score,score_range,variance_pct,is_deterministic,mean_runtime_ms
docs/phase35b_execution_guide.md,5,69.81002400960385,0.0,69.81002400960385,69.81002400960385,0.0,0.0,True,2.1322085871361196
docs/NEXTGEN_STACK_QUICKSTART.md,5,76.8623188405797,0.0,76.8623188405797,76.8623188405797,0.0,0.0,True,0.34597478806972504
docs/phase35b_preregistration.md,5,74.02895480225989,0.0,74.02895480225989,74.02895480225989,0.0,0.0,True,3.0307170120067894
docs/sales_brief.md,5,60.00000000000001,0.0,60.00000000000001,60.00000000000001,0.0,0.0,True,0.4751920001581311
docs/pilot_offer.md,5,60.00000000000001,0.0,60.00000000000001,60.00000000000001,0.0,0.0,True,0.3060083952732384
