epoch,tau,RR,DET,LAM,Lmax,ENTR,TT
0,1.3682865176000927,0.1,0.75016375,0.817990625,4000,1.771212221023964,4.8509811043817965
1,1.194331016856446,0.1,0.76412375,0.8295325,4000,1.8170634201177918,5.2138858662560255
2,1.215964767226198,0.1,0.7629025,0.829135,4000,1.8007117614793617,5.158196791427216
3,1.204270842555085,0.1,0.79257875,0.849183125,4000,1.9615493434604847,5.749937578555801
4,1.249938572412727,0.1,0.7390775,0.811471875,4000,1.742568479206279,4.95405965376852
