metric,value
RR,0.1
DET,0.8602229
LAM,0.901260025
Lmax,20000
ENTR,2.4212290608532205
TT,9.09558380888032
