{
  "objectivity": 0.606086956521739,
  "sentiment": 0.002384437891684268,
  "language_safety": 0.9719806763285025,
  "transparency_index": 0.14420289855072552,
  "guardian_alignment_v3": 52.0
}