from,to,lag,TE_bits
CCI,Meaning,1,0.31427044278824506
CCI,Coherence,1,0.15615502252109537
CCI,Rc,1,0.36654592155444127
